Workbook

Sheet How to use
B2: Food & Fluid Diary — built for fast manual entry into Nutritics
B3: Trial version: diary completed by the client, keyed into Nutritics by the dietitian.
B6: WHY THIS IS SPLIT INTO TWO SHEETS
B7: In Nutritics, the slow part of entering a diary is not typing quantities — it is SEARCHING for each food.
B8: Nutritics lets you add a food to multiple days and meals without searching for it again. This workbook is built to exploit that.
B10: A 7-day diary might have ~120 entries but only ~35 different foods. Search per entry = 120 searches.
B11: Search per distinct food = 35 searches. That is the whole idea.
B13: SHEET 1 — 'Food Library' (every DISTINCT food, listed once)
B14: The client lists each food they ate ONCE, with brand, barcode and pack size. Each gets a code (F01, F02...).
B15: 'Times used' shows how often it appears in the diary, so you can see which foods are worth getting exactly right.
B17: SHEET 2 — 'Daily Log' (what was eaten, when, how much)
B18: One row per eating occasion. The client enters the food CODE, not the name — the name and barcode fill in automatically.
... B39: PROGRESS (updates automatically)
B40: Distinct foods in the Library | C40: =COUNTA('Food Library'!$B$6:$B$105) -> 1
B41: Total entries in the Daily Log | C41: =COUNTA('Daily Log'!$E$8:$E$500) -> 0
B42: Foods confirmed found in Nutritics | C42: =COUNTIF('Food Library'!$H$6:$H$105,"Yes") -> 0
B43: Searches saved by reusing foods | C43: =COUNTA('Daily Log'!$E$8:$E$500)-COUNTA('Food Library'!$B$6:$B$105) -> -1
B45: 'Searches saved' = how many food searches the Library structure spares you versus searching for every single entry.

Sheet Food Library
A1: Food Library — every distinct food, listed once
A2: CLIENT: add a new row the first time you eat something. Reuse its code after that — never list a food twice.
A3: DIETITIAN: search each of these in Nutritics ONCE. Use the barcode where present.
A5: Code | B5: Food name — as you'd search it | C5: Brand / shop | D5: Barcode (EAN) | E5: Pack size | F5: Typical portion (g/ml) | G5: Cooking method | H5: Found in Nutritics? | I5: Exact name used in Nutritics | J5: Times used | K5: Check
A6: F01 | B6: Weetabix Original wholegrain wheat biscuits | C6: Weetabix | D6: 5010029000016 | E6: 430g | F6: 37.5 | G6: Raw / as sold | J6: =IF($A6="","",COUNTIF('Daily Log'!$E$8:$E$500,$A6)) -> 0 | K6: =IF($A6="","",IF(COUNTIF($A$6:$A$105,$A6)>1,"DUPLICATE CODE",IF($B6="","needs a name","OK"))) -> OK | L6: ← example row — overwrite or delete it
J7: =IF($A7="","",COUNTIF('Daily Log'!$E$8:$E$500,$A7)) | K7: =IF($A7="","",IF(COUNTIF($A$6:$A$105,$A7)>1,"DUPLICATE CODE",IF($B7="","needs a name","OK")))
J8: =IF($A8="","",COUNTIF('Daily Log'!$E$8:$E$500,$A8)) | K8: =IF($A8="","",IF(COUNTIF($A$6:$A$105,$A8)>1,"DUPLICATE CODE",IF($B8="","needs a name","OK")))
J9: =IF($A9="","",COUNTIF('Daily Log'!$E$8:$E$500,$A9)) | K9: =IF($A9="","",IF(COUNTIF($A$6:$A$105,$A9)>1,"DUPLICATE CODE",IF($B9="","needs a name","OK")))
J10: =IF($A10="","",COUNTIF('Daily Log'!$E$8:$E$500,$A10)) | K10: =IF($A10="","",IF(COUNTIF($A$6:$A$105,$A10)>1,"DUPLICATE CODE",IF($B10="","needs a name","OK")))
J11: =IF($A11="","",COUNTIF('Daily Log'!$E$8:$E$500,$A11)) | K11: =IF($A11="","",IF(COUNTIF($A$6:$A$105,$A11)>1,"DUPLICATE CODE",IF($B11="","needs a name","OK")))
J12: =IF($A12="","",COUNTIF('Daily Log'!$E$8:$E$500,$A12)) | K12: =IF($A12="","",IF(COUNTIF($A$6:$A$105,$A12)>1,"DUPLICATE CODE",IF($B12="","needs a name","OK")))
J13: =IF($A13="","",COUNTIF('Daily Log'!$E$8:$E$500,$A13)) | K13: =IF($A13="","",IF(COUNTIF($A$6:$A$105,$A13)>1,"DUPLICATE CODE",IF($B13="","needs a name","OK")))
J14: =IF($A14="","",COUNTIF('Daily Log'!$E$8:$E$500,$A14)) | K14: =IF($A14="","",IF(COUNTIF($A$6:$A$105,$A14)>1,"DUPLICATE CODE",IF($B14="","needs a name","OK")))
J15: =IF($A15="","",COUNTIF('Daily Log'!$E$8:$E$500,$A15)) | K15: =IF($A15="","",IF(COUNTIF($A$6:$A$105,$A15)>1,"DUPLICATE CODE",IF($B15="","needs a name","OK")))
J16: =IF($A16="","",COUNTIF('Daily Log'!$E$8:$E$500,$A16)) | K16: =IF($A16="","",IF(COUNTIF($A$6:$A$105,$A16)>1,"DUPLICATE CODE",IF($B16="","needs a name","OK")))
J17: =IF($A17="","",COUNTIF('Daily Log'!$E$8:$E$500,$A17)) | K17: =IF($A17="","",IF(COUNTIF($A$6:$A$105,$A17)>1,"DUPLICATE CODE",IF($B17="","needs a name","OK")))
J18: =IF($A18="","",COUNTIF('Daily Log'!$E$8:$E$500,$A18)) | K18: =IF($A18="","",IF(COUNTIF($A$6:$A$105,$A18)>1,"DUPLICATE CODE",IF($B18="","needs a name","OK")))
... J105: =IF($A105="","",COUNTIF('Daily Log'!$E$8:$E$500,$A105)) | K105: =IF($A105="","",IF(COUNTIF($A$6:$A$105,$A105)>1,"DUPLICATE CODE",IF($B105="","needs a name","OK")))

Sheet Daily Log
A1: Daily Log — what was eaten, when, and how much
A2: Enter the food CODE from the Library. Name and barcode fill in automatically. Quantity in GRAMS or ML.
A3: Already in day / meal order — the dietitian can key straight down it.
A5: Day | B5: Date | C5: Meal | D5: Time | E5: Food code | F5: Food name (auto) | G5: Barcode (auto) | H5: Quantity | I5: Unit | J5: How measured | K5: Any left over? | L5: Notes
A6: 1-7 | B6: DD/MM/YYYY | C6: Dropdown | D6: 08:15 | E6: From Library | F6: Fills itself | G6: Fills itself | H6: NUMBER — grams/ml | I6: g / ml | J6: Weighed / pack / estimated | K6: e.g. ate half | L6: Anything useful
A7: 1 | B7: 12/07/2026 | C7: Breakfast | D7: 08:15 | E7: F01 | F7: =IF($E7="","",IFERROR(INDEX('Food Library'!$B$6:$B$105,MATCH($E7,'Food Library'!$A$6:$A$105,0)),"?? code not in Library")) -> Weetabix Original wholegrain wheat biscuits | G7: =IF($E7="","",IFERROR(INDEX('Food Library'!$D$6:$D$105,MATCH($E7,'Food Library'!$A$6:$A$105,0)),"")) -> 5010029000016 | H7: 37.5 | I7: g | J7: Pack (2 biscuits) | K7: Ate all | L7: With 125ml milk — logged separately as F02 | M7: ← example (row 7). Start on row 8.
F8: =IF($E8="","",IFERROR(INDEX('Food Library'!$B$6:$B$105,MATCH($E8,'Food Library'!$A$6:$A$105,0)),"?? code not in Library")) | G8: =IF($E8="","",IFERROR(INDEX('Food Library'!$D$6:$D$105,MATCH($E8,'Food Library'!$A$6:$A$105,0)),""))
F9: =IF($E9="","",IFERROR(INDEX('Food Library'!$B$6:$B$105,MATCH($E9,'Food Library'!$A$6:$A$105,0)),"?? code not in Library")) | G9: =IF($E9="","",IFERROR(INDEX('Food Library'!$D$6:$D$105,MATCH($E9,'Food Library'!$A$6:$A$105,0)),""))
F10: =IF($E10="","",IFERROR(INDEX('Food Library'!$B$6:$B$105,MATCH($E10,'Food Library'!$A$6:$A$105,0)),"?? code not in Library")) | G10: =IF($E10="","",IFERROR(INDEX('Food Library'!$D$6:$D$105,MATCH($E10,'Food Library'!$A$6:$A$105,0)),""))
F11: =IF($E11="","",IFERROR(INDEX('Food Library'!$B$6:$B$105,MATCH($E11,'Food Library'!$A$6:$A$105,0)),"?? code not in Library")) | G11: =IF($E11="","",IFERROR(INDEX('Food Library'!$D$6:$D$105,MATCH($E11,'Food Library'!$A$6:$A$105,0)),""))
F12: =IF($E12="","",IFERROR(INDEX('Food Library'!$B$6:$B$105,MATCH($E12,'Food Library'!$A$6:$A$105,0)),"?? code not in Library")) | G12: =IF($E12="","",IFERROR(INDEX('Food Library'!$D$6:$D$105,MATCH($E12,'Food Library'!$A$6:$A$105,0)),""))
F13: =IF($E13="","",IFERROR(INDEX('Food Library'!$B$6:$B$105,MATCH($E13,'Food Library'!$A$6:$A$105,0)),"?? code not in Library")) | G13: =IF($E13="","",IFERROR(INDEX('Food Library'!$D$6:$D$105,MATCH($E13,'Food Library'!$A$6:$A$105,0)),""))
F14: =IF($E14="","",IFERROR(INDEX('Food Library'!$B$6:$B$105,MATCH($E14,'Food Library'!$A$6:$A$105,0)),"?? code not in Library")) | G14: =IF($E14="","",IFERROR(INDEX('Food Library'!$D$6:$D$105,MATCH($E14,'Food Library'!$A$6:$A$105,0)),""))
F15: =IF($E15="","",IFERROR(INDEX('Food Library'!$B$6:$B$105,MATCH($E15,'Food Library'!$A$6:$A$105,0)),"?? code not in Library")) | G15: =IF($E15="","",IFERROR(INDEX('Food Library'!$D$6:$D$105,MATCH($E15,'Food Library'!$A$6:$A$105,0)),""))
F16: =IF($E16="","",IFERROR(INDEX('Food Library'!$B$6:$B$105,MATCH($E16,'Food Library'!$A$6:$A$105,0)),"?? code not in Library")) | G16: =IF($E16="","",IFERROR(INDEX('Food Library'!$D$6:$D$105,MATCH($E16,'Food Library'!$A$6:$A$105,0)),""))
F17: =IF($E17="","",IFERROR(INDEX('Food Library'!$B$6:$B$105,MATCH($E17,'Food Library'!$A$6:$A$105,0)),"?? code not in Library")) | G17: =IF($E17="","",IFERROR(INDEX('Food Library'!$D$6:$D$105,MATCH($E17,'Food Library'!$A$6:$A$105,0)),""))
F18: =IF($E18="","",IFERROR(INDEX('Food Library'!$B$6:$B$105,MATCH($E18,'Food Library'!$A$6:$A$105,0)),"?? code not in Library")) | G18: =IF($E18="","",IFERROR(INDEX('Food Library'!$D$6:$D$105,MATCH($E18,'Food Library'!$A$6:$A$105,0)),""))
F19: =IF($E19="","",IFERROR(INDEX('Food Library'!$B$6:$B$105,MATCH($E19,'Food Library'!$A$6:$A$105,0)),"?? code not in Library")) | G19: =IF($E19="","",IFERROR(INDEX('Food Library'!$D$6:$D$105,MATCH($E19,'Food Library'!$A$6:$A$105,0)),""))
... F500: =IF($E500="","",IFERROR(INDEX('Food Library'!$B$6:$B$105,MATCH($E500,'Food Library'!$A$6:$A$105,0)),"?? code not in Library")) | G500: =IF($E500="","",IFERROR(INDEX('Food Library'!$D$6:$D$105,MATCH($E500,'Food Library'!$A$6:$A$105,0)),""))

Sheet Lists
A1: Meals | B1: Units | C1: Measured | D1: Cooking
A2: Breakfast | B2: g | C2: Weighed on scales | D2: Raw / as sold
A3: Mid-morning snack | B3: ml | C3: Pack / label weight | D3: Boiled
A4: Lunch | C4: Household measure | D4: Steamed
A5: Afternoon snack | C5: Estimated | D5: Grilled
A6: Dinner | D6: Fried
A7: Evening snack | D7: Air-fried
A8: Drink | D8: Baked
A9: Supplement | D9: Roasted
D10: Microwaved
D11: Toasted
D12: Takeaway
D13: Not applicable
